name,skills,CGPA,Expected Salary,Date,Time,preferred-Shift,Attended,how many year do you want work,preferred company,placed
Asha,Python,8.0,5.5,2025-06-05,10:00,Day,Yes,2,TCS,yes
Ravi,Java,7.2,4.0,2025-06-06,11:30,Night,No,3,Infosys,no
Sneha,Python;ML,9.1,8.0,2025-06-07,09:45,Day,Yes,4,Google,yes
Kiran,HTML;CSS,6.8,3.5,2025-06-06,14:00,Night,Yes,2,Wipro,yes
Neha,C++;DSA,8.3,6.5,2025-06-08,12:30,Day,Yes,3,Amazon,yes
Manish,Python;JavaScript,7.5,4.2,2025-06-09,15:15,Night,No,2,Capgemini,no
Pooja,SQL;Excel,7.0,3.8,2025-06-07,10:45,Day,Yes,1,Cognizant,yes
Sameer,ML;AI,9.0,9.0,2025-06-08,13:00,Night,Yes,5,Google,no
Divya,React;Node.js,7.8,5.0,2025-06-09,11:00,Day,No,3,Infosys,no
Yash,C;C++,6.5,2.5,2025-06-10,16:30,Night,No,2,L&T,no
Rutuja,Python;DSA,8.4,6.8,2025-06-10,09:00,Day,Yes,4,Microsoft,no
Sagar,HTML;JS,7.3,3.7,2025-06-11,14:30,Night,Yes,2,TCS,yes
Komal,Java;Spring,8.2,5.5,2025-06-11,12:00,Day,No,3,IBM,yes
Nikhil,AI;ML,9.3,9.5,2025-06-12,13:15,Night,Yes,5,Google,yes
Tanvi,Python;SQL,7.1,4.0,2025-06-12,10:30,Day,Yes,2,Infosys,no
Ajay,JavaScript;React,7.9,4.8,2025-06-13,15:00,Night,No,3,Wipro,yes
Shruti,DSA;OOP,8.6,7.0,2025-06-13,11:15,Day,Yes,4,Amazon,yes
Tejas,C++;Python,7.4,4.2,2025-06-14,09:30,Night,Yes,2,L&T,yes
Bhavna,HTML;CSS;Bootstrap,6.9,3.0,2025-06-14,14:45,Day,No,2,Capgemini,yes
Harsh,ML;Deep Learning,8.9,8.5,2025-06-15,13:00,Night,Yes,5,Microsoft,yes
Payal,Python;Tableau,7.6,4.5,2025-06-15,10:15,Day,Yes,2,Cognizant,no
Om,Flutter;Dart,8.1,6.0,2025-06-16,12:30,Night,Yes,3,TCS,yes
Vidya,Java;MySQL,7.0,3.6,2025-06-16,09:00,Day,No,2,Infosys,no
Akshay,AI;Python,9.2,9.0,2025-06-17,11:45,Night,Yes,5,Google,yes
Sonal,JavaScript;Node.js,7.7,4.9,2025-06-17,14:30,Day,Yes,3,Wipro,yes
Vaibhav,C;Python,6.7,2.8,2025-06-18,15:15,Night,No,2,L&T,no
Pallavi,React;MongoDB,8.0,5.8,2025-06-18,10:00,Day,Yes,3,IBM,yes
Nilesh,ML;Data Science,9.1,8.8,2025-06-19,13:45,Night,Yes,4,Microsoft,yes
Ketaki,SQL;Data Analysis,7.2,4.1,2025-06-19,09:30,Day,No,2,Cognizant,no
Soham,Cloud;AWS,8.5,7.2,2025-06-20,12:00,Night,Yes,4,Amazon,yes
Isha,Python;Flask,7.3,4.3,2025-06-20,11:30,Day,Yes,2,Infosys,yes
srushti,python,9.0,200000,2025-06-08,22:00,Day,Yes,2,tcs
shraddha,"python,dsa",8.0,100000.0,2025-06-10,10:00,Day,Yes,2,Tcs
minakshi,java,8.0,250000.0,2025-06-10,09:30,Day,Yes,2,Google
shreya,java.dsa,9.0,250000.0,2025-06-10,09:30,Day,Yes,2,Google
shreya,java.dsa,9.0,250000.0,2025-06-10,09:30,Day,No,2,Google
shreya,java.dsa,9.0,250000.0,2025-06-10,09:30,Day,Yes,2,Google
srushti,java,9.0,50000.0,2025-06-16,10:00,Day,Yes,3,Tcs
Krunali,python,8.0,100000.0,2025-06-24,10:00,Day,Yes,1,Google
ankita,"java,dsa",9.4,200000.0,2025-06-10,10:00,Day,Yes,2,tcs
